{
	"class_name" : "PinholeCameraParameters",
	"extrinsic" : 
	[
		1.0,
		-0.0,
		-0.0,
		0.0,
		0.0,
		-1.0,
		-0.0,
		0.0,
		0.0,
		-0.0,
		-1.0,
		0.0,
		-0.0,
		0.0,
		0.0,
		1.0
	],
	"intrinsic" : 
	{
		"height" : 1912,
		"intrinsic_matrix" : 
		[
			1655.8405720358469,
			0.0,
			0.0,
			0.0,
			1655.8405720358469,
			0.0,
			852.5,
			955.5,
			1.0
		],
		"width" : 1706
	},
	"version_major" : 1,
	"version_minor" : 0
}